project_id,customer_id,employee_id,department_id,order_amount_index,planned_material_cost_index,actual_material_cost_index,cost_gap_index,planned_material_profit_index,actual_material_profit_index,planned_material_cost_ratio_pct,actual_material_cost_ratio_pct,planned_material_margin_rate_pct,actual_material_margin_rate_pct,cost_data_status,cost_gap_status
Project_001,Customer_50,Employee_05,Department_03,36944.44,24480.31,21467.4,-3012.91,12464.13,15477.04,66.26,58.11,33.74,41.89,Both planned and actual cost available,Actual cost below planned cost
Project_002,Customer_50,Employee_05,Department_03,33194.44,20791.79,19554.54,-1237.25,12402.66,13639.91,62.64,58.91,37.36,41.09,Both planned and actual cost available,Actual cost below planned cost
Project_003,Customer_85,Employee_04,Department_03,12897.78,6994.88,31.11,-6963.77,5902.89,12866.67,54.23,0.24,45.77,99.76,Both planned and actual cost available,Actual cost below planned cost
Project_004,Customer_70,Employee_04,Department_03,11553.38,6449.62,231.98,-6217.64,5103.76,11321.4,55.82,2.01,44.18,97.99,Both planned and actual cost available,Actual cost below planned cost
Project_005,Customer_75,Employee_09,Department_02,11666.77,9056.33,636.38,-8419.95,2610.44,11030.4,77.62,5.45,22.38,94.55,Both planned and actual cost available,Actual cost below planned cost
Project_006,Customer_47,Employee_09,Department_02,9166.67,5776.13,380.28,-5395.85,3390.54,8786.39,63.01,4.15,36.99,95.85,Both planned and actual cost available,Actual cost below planned cost
Project_007,Customer_61,Employee_08,Department_04,9166.67,0.0,541.32,,,8625.34,,5.91,,94.09,Actual cost only,No planned cost
Project_008,Customer_38,Employee_03,Department_04,7916.67,0.0,231.33,,,7685.34,,2.92,,97.08,Actual cost only,No planned cost
Project_009,Customer_01,Employee_08,Department_04,7361.11,0.0,129.31,,,7231.81,,1.76,,98.24,Actual cost only,No planned cost
Project_010,Customer_01,Employee_08,Department_04,7361.11,0.0,131.81,,,7229.3,,1.79,,98.21,Actual cost only,No planned cost
Project_011,Customer_20,Employee_03,Department_04,9166.67,3859.15,2681.79,-1177.36,5307.52,6484.88,42.1,29.26,57.9,70.74,Both planned and actual cost available,Actual cost below planned cost
Project_012,Customer_20,Employee_03,Department_04,9166.67,3859.15,2681.79,-1177.36,5307.52,6484.88,42.1,29.26,57.9,70.74,Both planned and actual cost available,Actual cost below planned cost
Project_013,Customer_20,Employee_03,Department_04,9166.67,3859.15,2681.79,-1177.36,5307.52,6484.88,42.1,29.26,57.9,70.74,Both planned and actual cost available,Actual cost below planned cost
Project_014,Customer_85,Employee_05,Department_03,10862.94,0.0,4383.24,,,6479.71,,40.35,,59.65,Actual cost only,No planned cost
Project_015,Customer_18,Employee_03,Department_04,10000.0,3607.31,3545.73,-61.58,6392.69,6454.27,36.07,35.46,63.93,64.54,Both planned and actual cost available,Actual cost below planned cost
Project_016,Customer_18,Employee_03,Department_04,9722.22,3558.61,3453.44,-105.17,6163.61,6268.78,36.6,35.52,63.4,64.48,Both planned and actual cost available,Actual cost below planned cost
Project_017,Customer_70,Employee_04,Department_03,6375.0,5403.77,271.06,-5132.71,971.23,6103.94,84.77,4.25,15.23,95.75,Both planned and actual cost available,Actual cost below planned cost
Project_018,Customer_23,Employee_08,Department_04,7777.78,0.0,1707.23,,,6070.55,,21.95,,78.05,Actual cost only,No planned cost
Project_019,Customer_89,Employee_03,Department_04,7888.89,0.0,2156.12,,,5732.77,,27.33,,72.67,Actual cost only,No planned cost
Project_020,Customer_23,Employee_03,Department_04,7777.78,0.0,2165.61,,,5612.17,,27.84,,72.16,Actual cost only,No planned cost
Project_021,Customer_20,Employee_03,Department_04,9166.67,3859.15,3618.97,-240.17,5307.52,5547.69,42.1,39.48,57.9,60.52,Both planned and actual cost available,Actual cost below planned cost
Project_022,Customer_39,Employee_07,Department_02,5530.83,2688.07,0.24,-2687.83,2842.76,5530.59,48.6,0.0,51.4,100.0,Both planned and actual cost available,Actual cost below planned cost
Project_023,Customer_85,Employee_04,Department_03,12334.44,6635.65,6994.15,358.5,5698.79,5340.29,53.8,56.7,46.2,43.3,Both planned and actual cost available,Actual cost exceeded planned cost
Project_024,Customer_59,Employee_03,Department_04,9166.67,3645.95,4387.78,741.83,5520.72,4778.89,39.77,47.87,60.23,52.13,Both planned and actual cost available,Actual cost exceeded planned cost
Project_025,Customer_75,Employee_09,Department_02,16666.67,13766.22,11921.24,-1844.98,2900.44,4745.42,82.6,71.53,17.4,28.47,Both planned and actual cost available,Actual cost below planned cost
Project_026,Customer_20,Employee_03,Department_04,8055.56,3782.21,3567.36,-214.85,4273.35,4488.2,46.95,44.28,53.05,55.72,Both planned and actual cost available,Actual cost below planned cost
Project_027,Customer_20,Employee_03,Department_04,8055.56,3638.35,3575.6,-62.75,4417.21,4479.96,45.17,44.39,54.83,55.61,Both planned and actual cost available,Actual cost below planned cost
Project_028,Customer_20,Employee_03,Department_04,8055.56,3782.21,3606.3,-175.9,4273.35,4449.25,46.95,44.77,53.05,55.23,Both planned and actual cost available,Actual cost below planned cost
Project_029,Customer_41,Employee_03,Department_04,12916.67,9671.05,8518.89,-1152.16,3245.62,4397.78,74.87,65.95,25.13,34.05,Both planned and actual cost available,Actual cost below planned cost
Project_030,Customer_21,Employee_07,Department_02,6856.24,0.0,2473.54,,,4382.7,,36.08,,63.92,Actual cost only,No planned cost
Project_031,Customer_23,Employee_03,Department_04,8194.44,3645.95,3834.13,188.18,4548.49,4360.32,44.49,46.79,55.51,53.21,Both planned and actual cost available,Actual cost exceeded planned cost
Project_032,Customer_23,Employee_03,Department_04,8194.44,3645.95,3850.18,204.23,4548.49,4344.26,44.49,46.99,55.51,53.01,Both planned and actual cost available,Actual cost exceeded planned cost
Project_033,Customer_20,Employee_03,Department_04,8055.56,3276.22,3758.38,482.16,4779.34,4297.17,40.67,46.66,59.33,53.34,Both planned and actual cost available,Actual cost exceeded planned cost
Project_034,Customer_84,Employee_03,Department_04,8055.56,3890.24,3763.49,-126.75,4165.32,4292.07,48.29,46.72,51.71,53.28,Both planned and actual cost available,Actual cost below planned cost
Project_035,Customer_67,Employee_03,Department_04,8055.56,0.0,3864.94,,,4190.61,,47.98,,52.02,Actual cost only,No planned cost
Project_036,Customer_09,Employee_03,Department_04,8583.33,0.0,4436.6,,,4146.73,,51.69,,48.31,Actual cost only,No planned cost
Project_037,Customer_55,Employee_07,Department_02,11000.0,8033.56,6909.86,-1123.7,2966.44,4090.14,73.03,62.82,26.97,37.18,Both planned and actual cost available,Actual cost below planned cost
Project_038,Customer_55,Employee_07,Department_02,11055.56,8186.56,6973.46,-1213.1,2869.0,4082.1,74.05,63.08,25.95,36.92,Both planned and actual cost available,Actual cost below planned cost
Project_039,Customer_14,Employee_03,Department_04,8333.33,0.0,4255.49,,,4077.84,,51.07,,48.93,Actual cost only,No planned cost
Project_040,Customer_08,Employee_03,Department_04,7916.67,3890.24,3842.79,-47.45,4026.43,4073.88,49.14,48.54,50.86,51.46,Both planned and actual cost available,Actual cost below planned cost
Project_041,Customer_14,Employee_03,Department_04,8333.33,0.0,4374.94,,,3958.4,,52.5,,47.5,Actual cost only,No planned cost
Project_042,Customer_03,Employee_03,Department_04,18055.56,0.0,14140.35,,,3915.2,,78.32,,21.68,Actual cost only,No planned cost
Project_043,Customer_85,Employee_05,Department_03,4482.0,0.0,699.6,,,3782.4,,15.61,,84.39,Actual cost only,No planned cost
Project_044,Customer_09,Employee_03,Department_04,8055.56,0.0,4412.7,,,3642.86,,54.78,,45.22,Actual cost only,No planned cost
Project_045,Customer_70,Employee_05,Department_03,6315.91,0.0,2677.48,,,3638.43,,42.39,,57.61,Actual cost only,No planned cost
Project_046,Customer_70,Employee_05,Department_03,6315.91,0.0,2696.02,,,3619.89,,42.69,,57.31,Actual cost only,No planned cost
Project_047,Customer_70,Employee_05,Department_03,6315.91,0.0,2702.3,,,3613.62,,42.79,,57.21,Actual cost only,No planned cost
Project_048,Customer_39,Employee_07,Department_02,7246.11,3634.54,3730.23,95.7,3611.58,3515.88,50.16,51.48,49.84,48.52,Both planned and actual cost available,Actual cost exceeded planned cost
Project_049,Customer_23,Employee_08,Department_04,7777.78,0.0,4278.92,,,3498.86,,55.01,,44.99,Actual cost only,No planned cost
Project_050,Customer_28,Employee_03,Department_04,7007.72,3529.68,3557.61,27.92,3478.03,3450.11,50.37,50.77,49.63,49.23,Both planned and actual cost available,Actual cost exceeded planned cost
Project_051,Customer_28,Employee_03,Department_04,7007.72,3529.68,3562.07,32.38,3478.03,3445.65,50.37,50.83,49.63,49.17,Both planned and actual cost available,Actual cost exceeded planned cost
Project_052,Customer_70,Employee_05,Department_03,6023.24,0.0,2679.13,,,3344.11,,44.48,,55.52,Actual cost only,No planned cost
Project_053,Customer_28,Employee_03,Department_04,7007.72,3529.68,3669.75,140.07,3478.03,3337.97,50.37,52.37,49.63,47.63,Both planned and actual cost available,Actual cost exceeded planned cost
Project_054,Customer_28,Employee_03,Department_04,7007.72,3529.68,3696.95,167.27,3478.03,3310.76,50.37,52.76,49.63,47.24,Both planned and actual cost available,Actual cost exceeded planned cost
Project_055,Customer_28,Employee_03,Department_04,7007.72,3529.68,3702.5,172.81,3478.03,3305.22,50.37,52.83,49.63,47.17,Both planned and actual cost available,Actual cost exceeded planned cost
Project_056,Customer_70,Employee_04,Department_03,6177.76,3289.25,2905.8,-383.45,2888.51,3271.96,53.24,47.04,46.76,52.96,Both planned and actual cost available,Actual cost below planned cost
Project_057,Customer_28,Employee_03,Department_04,7007.72,3529.68,3740.95,211.27,3478.03,3266.77,50.37,53.38,49.63,46.62,Both planned and actual cost available,Actual cost exceeded planned cost
Project_058,Customer_14,Employee_03,Department_04,4166.67,2777.78,955.95,-1821.83,1388.89,3210.71,66.67,22.94,33.33,77.06,Both planned and actual cost available,Actual cost below planned cost
Project_059,Customer_14,Employee_03,Department_04,4166.67,2777.78,955.95,-1821.82,1388.89,3210.71,66.67,22.94,33.33,77.06,Both planned and actual cost available,Actual cost below planned cost
Project_060,Customer_14,Employee_03,Department_04,4166.67,2777.78,955.95,-1821.82,1388.89,3210.71,66.67,22.94,33.33,77.06,Both planned and actual cost available,Actual cost below planned cost
Project_061,Customer_14,Employee_03,Department_04,4166.67,2777.78,955.95,-1821.82,1388.89,3210.71,66.67,22.94,33.33,77.06,Both planned and actual cost available,Actual cost below planned cost
Project_062,Customer_14,Employee_03,Department_04,4166.67,2777.78,955.95,-1821.82,1388.89,3210.71,66.67,22.94,33.33,77.06,Both planned and actual cost available,Actual cost below planned cost
Project_063,Customer_28,Employee_03,Department_04,7007.72,3529.68,3975.89,446.2,3478.03,3031.83,50.37,56.74,49.63,43.26,Both planned and actual cost available,Actual cost exceeded planned cost
Project_064,Customer_28,Employee_03,Department_04,7007.72,3529.68,4000.36,470.67,3478.03,3007.36,50.37,57.09,49.63,42.91,Both planned and actual cost available,Actual cost exceeded planned cost
Project_065,Customer_81,Employee_04,Department_03,3030.4,1945.32,79.8,-1865.52,1085.08,2950.6,64.19,2.63,35.81,97.37,Both planned and actual cost available,Actual cost below planned cost
Project_066,Customer_81,Employee_04,Department_03,2993.87,1944.21,79.89,-1864.32,1049.66,2913.98,64.94,2.67,35.06,97.33,Both planned and actual cost available,Actual cost below planned cost
Project_067,Customer_28,Employee_03,Department_04,7007.72,3529.68,4112.11,582.42,3478.03,2895.61,50.37,58.68,49.63,41.32,Both planned and actual cost available,Actual cost exceeded planned cost
Project_068,Customer_28,Employee_03,Department_04,7007.72,3529.68,4128.47,598.78,3478.03,2879.25,50.37,58.91,49.63,41.09,Both planned and actual cost available,Actual cost exceeded planned cost
Project_069,Customer_68,Employee_09,Department_02,8333.33,5964.7,5496.47,-468.23,2368.64,2836.87,71.58,65.96,28.42,34.04,Both planned and actual cost available,Actual cost below planned cost
Project_070,Customer_50,Employee_07,Department_02,7777.78,0.0,4957.3,,,2820.48,,63.74,,36.26,Actual cost only,No planned cost
Project_071,Customer_82,Employee_06,Department_02,5555.56,3122.33,2768.29,-354.04,2433.23,2787.27,56.2,49.83,43.8,50.17,Both planned and actual cost available,Actual cost below planned cost
Project_072,Customer_70,Employee_05,Department_03,5936.67,0.0,3281.18,,,2655.49,,55.27,,44.73,Actual cost only,No planned cost
Project_073,Customer_79,Employee_09,Department_02,2763.89,2270.47,121.43,-2149.03,493.42,2642.46,82.15,4.39,17.85,95.61,Both planned and actual cost available,Actual cost below planned cost
Project_074,Customer_70,Employee_05,Department_03,2989.77,0.0,485.73,,,2504.05,,16.25,,83.75,Actual cost only,No planned cost
Project_075,Customer_14,Employee_03,Department_04,5361.11,0.0,3078.75,,,2282.36,,57.43,,42.57,Actual cost only,No planned cost
Project_076,Customer_14,Employee_03,Department_04,5361.11,0.0,3078.75,,,2282.36,,57.43,,42.57,Actual cost only,No planned cost
Project_077,Customer_49,Employee_03,Department_04,5777.78,0.0,3495.49,,,2282.29,,60.5,,39.5,Actual cost only,No planned cost
Project_078,Customer_14,Employee_03,Department_04,5361.11,0.0,3085.48,,,2275.63,,57.55,,42.45,Actual cost only,No planned cost
Project_079,Customer_14,Employee_03,Department_04,5361.11,0.0,3105.23,,,2255.88,,57.92,,42.08,Actual cost only,No planned cost
Project_080,Customer_14,Employee_03,Department_04,5361.11,0.0,3139.22,,,2221.9,,58.56,,41.44,Actual cost only,No planned cost
Project_081,Customer_54,Employee_07,Department_02,3611.11,0.0,1494.78,,,2116.33,,41.39,,58.61,Actual cost only,No planned cost
Project_082,Customer_47,Employee_09,Department_02,6222.22,4544.8,4106.74,-438.07,1677.42,2115.49,73.04,66.0,26.96,34.0,Both planned and actual cost available,Actual cost below planned cost
Project_083,Customer_74,Employee_04,Department_03,2041.67,1254.44,0.98,-1253.46,787.22,2040.68,61.44,0.05,38.56,99.95,Both planned and actual cost available,Actual cost below planned cost
Project_084,Customer_85,Employee_05,Department_03,3566.67,0.0,1540.07,,,2026.59,,43.18,,56.82,Actual cost only,No planned cost
Project_085,Customer_81,Employee_04,Department_03,2048.33,1302.45,74.95,-1227.5,745.88,1973.38,63.59,3.66,36.41,96.34,Both planned and actual cost available,Actual cost below planned cost
Project_086,Customer_81,Employee_04,Department_03,2048.33,1302.45,74.95,-1227.5,745.88,1973.38,63.59,3.66,36.41,96.34,Both planned and actual cost available,Actual cost below planned cost
Project_087,Customer_81,Employee_04,Department_03,2048.33,1302.45,74.95,-1227.5,745.88,1973.38,63.59,3.66,36.41,96.34,Both planned and actual cost available,Actual cost below planned cost
Project_088,Customer_81,Employee_04,Department_03,2048.33,1298.72,78.5,-1220.22,749.61,1969.83,63.4,3.83,36.6,96.17,Both planned and actual cost available,Actual cost below planned cost
Project_089,Customer_81,Employee_04,Department_03,2048.33,1298.72,78.63,-1220.09,749.61,1969.7,63.4,3.84,36.6,96.16,Both planned and actual cost available,Actual cost below planned cost
Project_090,Customer_74,Employee_07,Department_02,4785.83,2997.32,2866.88,-130.44,1788.52,1918.95,62.63,59.9,37.37,40.1,Both planned and actual cost available,Actual cost below planned cost
Project_091,Customer_79,Employee_09,Department_02,5277.78,3202.6,3407.51,204.9,2075.17,1870.27,60.68,64.56,39.32,35.44,Both planned and actual cost available,Actual cost exceeded planned cost
Project_092,Customer_49,Employee_03,Department_04,4333.33,0.0,2516.64,,,1816.69,,58.08,,41.92,Actual cost only,No planned cost
Project_093,Customer_03,Employee_08,Department_04,4027.78,0.0,2352.06,,,1675.72,,58.4,,41.6,Actual cost only,No planned cost
Project_094,Customer_79,Employee_09,Department_02,4166.67,2901.12,2511.11,-390.01,1265.55,1655.56,69.63,60.27,30.37,39.73,Both planned and actual cost available,Actual cost below planned cost
Project_095,Customer_51,Employee_05,Department_03,3076.0,0.0,1441.62,,,1634.38,,46.87,,53.13,Actual cost only,No planned cost
Project_096,Customer_47,Employee_09,Department_02,5555.56,0.0,3945.34,,,1610.21,,71.02,,28.98,Actual cost only,No planned cost
Project_097,Customer_16,Employee_03,Department_04,1956.67,0.0,387.04,,,1569.63,,19.78,,80.22,Actual cost only,No planned cost
Project_098,Customer_14,Employee_03,Department_04,3833.33,0.0,2379.8,,,1453.54,,62.08,,37.92,Actual cost only,No planned cost
Project_099,Customer_50,Employee_04,Department_03,3086.62,1628.31,1701.84,73.53,1458.31,1384.79,52.75,55.14,47.25,44.86,Both planned and actual cost available,Actual cost exceeded planned cost
Project_100,Customer_79,Employee_07,Department_03,2547.22,0.0,1211.18,,,1336.04,,47.55,,52.45,Actual cost only,No planned cost
Project_101,Customer_49,Employee_08,Department_04,2888.89,0.0,1561.22,,,1327.67,,54.04,,45.96,Actual cost only,No planned cost
Project_102,Customer_22,Employee_05,Department_03,2736.84,0.0,1473.81,,,1263.03,,53.85,,46.15,Actual cost only,No planned cost
Project_103,Customer_74,Employee_04,Department_03,1952.64,718.11,695.08,-23.03,1234.53,1257.56,36.78,35.6,63.22,64.4,Both planned and actual cost available,Actual cost below planned cost
Project_104,Customer_11,Employee_06,Department_02,1986.11,949.51,745.03,-204.48,1036.6,1241.08,47.81,37.51,52.19,62.49,Both planned and actual cost available,Actual cost below planned cost
Project_105,Customer_70,Employee_04,Department_03,1958.15,865.16,743.14,-122.02,1092.98,1215.0,44.18,37.95,55.82,62.05,Both planned and actual cost available,Actual cost below planned cost
Project_106,Customer_30,Employee_07,Department_02,1888.89,955.24,714.75,-240.49,933.65,1174.14,50.57,37.84,49.43,62.16,Both planned and actual cost available,Actual cost below planned cost
Project_107,Customer_54,Employee_07,Department_02,1219.44,272.05,63.93,-208.12,947.39,1155.51,22.31,5.24,77.69,94.76,Both planned and actual cost available,Actual cost below planned cost
Project_108,Customer_54,Employee_07,Department_02,1219.44,272.05,63.93,-208.12,947.39,1155.51,22.31,5.24,77.69,94.76,Both planned and actual cost available,Actual cost below planned cost
Project_109,Customer_34,Employee_06,Department_02,3932.83,1.11,2819.7,2818.59,3931.72,1113.12,0.03,71.7,99.97,28.3,Both planned and actual cost available,Actual cost exceeded planned cost
Project_110,Customer_21,Employee_07,Department_02,1478.13,0.0,378.31,,,1099.82,,25.59,,74.41,Actual cost only,No planned cost
Project_111,Customer_19,Employee_03,Department_04,1111.11,0.0,43.61,,,1067.5,,3.92,,96.08,Actual cost only,No planned cost
Project_112,Customer_54,Employee_07,Department_02,3611.11,0.0,2601.54,,,1009.57,,72.04,,27.96,Actual cost only,No planned cost
Project_113,Customer_59,Employee_03,Department_04,1666.67,757.05,667.08,-89.97,909.62,999.59,45.42,40.02,54.58,59.98,Both planned and actual cost available,Actual cost below planned cost
Project_114,Customer_03,Employee_03,Department_04,1186.11,220.0,205.36,-14.64,966.11,980.75,18.55,17.31,81.45,82.69,Both planned and actual cost available,Actual cost below planned cost
Project_115,Customer_03,Employee_03,Department_02,1083.33,446.9,127.47,-319.44,636.43,955.87,41.25,11.77,58.75,88.23,Both planned and actual cost available,Actual cost below planned cost
Project_116,Customer_21,Employee_07,Department_02,1484.75,0.0,538.76,,,945.98,,36.29,,63.71,Actual cost only,No planned cost
Project_117,Customer_54,Employee_01,Department_04,1221.33,271.66,276.01,4.35,949.67,945.32,22.24,22.6,77.76,77.4,Both planned and actual cost available,Actual cost exceeded planned cost
Project_118,Customer_06,Employee_06,Department_02,2088.61,0.0,1164.94,,,923.67,,55.78,,44.22,Actual cost only,No planned cost
Project_119,Customer_50,Employee_05,Department_03,1871.94,0.0,953.68,,,918.26,,50.95,,49.05,Actual cost only,No planned cost
Project_120,Customer_74,Employee_04,Department_03,1134.92,388.21,217.91,-170.3,746.71,917.01,34.21,19.2,65.79,80.8,Both planned and actual cost available,Actual cost below planned cost
Project_121,Customer_03,Employee_03,Department_04,1166.67,383.65,250.89,-132.76,783.01,915.78,32.88,21.5,67.12,78.5,Both planned and actual cost available,Actual cost below planned cost
Project_122,Customer_32,Employee_07,Department_02,1625.0,0.0,765.91,,,859.09,,47.13,,52.87,Actual cost only,No planned cost
Project_123,Customer_81,Employee_05,Department_03,1930.56,0.0,1076.07,,,854.49,,55.74,,44.26,Actual cost only,No planned cost
Project_124,Customer_81,Employee_05,Department_03,1930.56,0.0,1079.01,,,851.55,,55.89,,44.11,Actual cost only,No planned cost
Project_125,Customer_13,Employee_03,Department_04,2722.22,1888.89,1880.56,-8.33,833.33,841.67,69.39,69.08,30.61,30.92,Both planned and actual cost available,Actual cost below planned cost
Project_126,Customer_03,Employee_03,Department_04,6388.89,0.0,5558.18,,,830.71,,87.0,,13.0,Actual cost only,No planned cost
Project_127,Customer_03,Employee_03,Department_04,1083.33,383.65,257.0,-126.66,699.68,826.34,35.41,23.72,64.59,76.28,Both planned and actual cost available,Actual cost below planned cost
Project_128,Customer_36,Employee_08,Department_04,1611.11,0.0,787.83,,,823.28,,48.9,,51.1,Actual cost only,No planned cost
Project_129,Customer_57,Employee_06,Department_02,23888.89,17875.53,23068.59,5193.06,6013.36,820.3,74.83,96.57,25.17,3.43,Both planned and actual cost available,Actual cost exceeded planned cost
Project_130,Customer_36,Employee_08,Department_04,1611.11,0.0,806.81,,,804.3,,50.08,,49.92,Actual cost only,No planned cost
Project_131,Customer_07,Employee_03,Department_04,1277.78,500.0,479.18,-20.82,777.78,798.59,39.13,37.5,60.87,62.5,Both planned and actual cost available,Actual cost below planned cost
Project_132,Customer_70,Employee_04,Department_03,2916.67,2284.38,2120.06,-164.32,632.28,796.6,78.32,72.69,21.68,27.31,Both planned and actual cost available,Actual cost below planned cost
Project_133,Customer_81,Employee_05,Department_03,1916.67,1151.81,1148.99,-2.81,764.86,767.67,60.09,59.95,39.91,40.05,Both planned and actual cost available,Actual cost below planned cost
Project_134,Customer_81,Employee_05,Department_03,1930.56,0.0,1166.04,,,764.52,,60.4,,39.6,Actual cost only,No planned cost
Project_135,Customer_81,Employee_05,Department_03,1930.56,1087.32,1171.15,83.83,843.24,759.41,56.32,60.66,43.68,39.34,Both planned and actual cost available,Actual cost exceeded planned cost
Project_136,Customer_81,Employee_05,Department_03,1930.56,0.0,1171.15,,,759.41,,60.66,,39.34,Actual cost only,No planned cost
Project_137,Customer_81,Employee_05,Department_03,1916.67,1151.81,1161.7,9.9,764.86,754.96,60.09,60.61,39.91,39.39,Both planned and actual cost available,Actual cost exceeded planned cost
Project_138,Customer_81,Employee_05,Department_03,1916.67,1151.81,1161.7,9.9,764.86,754.96,60.09,60.61,39.91,39.39,Both planned and actual cost available,Actual cost exceeded planned cost
Project_139,Customer_19,Employee_03,Department_04,888.89,0.0,136.3,,,752.59,,15.33,,84.67,Actual cost only,No planned cost
Project_140,Customer_81,Employee_04,Department_03,1916.67,1229.01,1164.17,-64.84,687.65,752.49,64.12,60.74,35.88,39.26,Both planned and actual cost available,Actual cost below planned cost
Project_141,Customer_81,Employee_04,Department_03,1916.67,1229.01,1164.17,-64.84,687.65,752.49,64.12,60.74,35.88,39.26,Both planned and actual cost available,Actual cost below planned cost
Project_142,Customer_81,Employee_04,Department_03,1916.67,1229.01,1164.9,-64.12,687.65,751.77,64.12,60.78,35.88,39.22,Both planned and actual cost available,Actual cost below planned cost
Project_143,Customer_81,Employee_04,Department_03,1916.67,1229.01,1164.9,-64.11,687.65,751.77,64.12,60.78,35.88,39.22,Both planned and actual cost available,Actual cost below planned cost
Project_144,Customer_57,Employee_04,Department_03,1069.44,589.33,318.61,-270.73,480.11,750.84,55.11,29.79,44.89,70.21,Both planned and actual cost available,Actual cost below planned cost
Project_145,Customer_81,Employee_05,Department_03,1947.5,0.0,1196.94,,,750.56,,61.46,,38.54,Actual cost only,No planned cost
Project_146,Customer_81,Employee_04,Department_03,1916.67,1229.01,1167.3,-61.71,687.65,749.36,64.12,60.9,35.88,39.1,Both planned and actual cost available,Actual cost below planned cost
Project_147,Customer_03,Employee_03,Department_04,777.78,143.06,34.87,-108.19,634.72,742.91,18.39,4.48,81.61,95.52,Both planned and actual cost available,Actual cost below planned cost
Project_148,Customer_69,Employee_06,Department_02,1953.61,1207.66,1218.3,10.64,745.95,735.31,61.82,62.36,38.18,37.64,Both planned and actual cost available,Actual cost exceeded planned cost
Project_149,Customer_21,Employee_10,Department_02,760.23,447.22,36.54,-410.69,313.01,723.7,58.83,4.81,41.17,95.19,Both planned and actual cost available,Actual cost below planned cost
Project_150,Customer_20,Employee_03,Department_04,1416.67,774.33,696.89,-77.44,642.34,719.78,54.66,49.19,45.34,50.81,Both planned and actual cost available,Actual cost below planned cost
Project_151,Customer_20,Employee_03,Department_04,1416.67,774.33,696.89,-77.44,642.34,719.78,54.66,49.19,45.34,50.81,Both planned and actual cost available,Actual cost below planned cost
Project_152,Customer_81,Employee_05,Department_03,1930.56,0.0,1214.0,,,716.56,,62.88,,37.12,Actual cost only,No planned cost
Project_153,Customer_21,Employee_06,Department_02,886.9,109.19,179.78,70.59,777.71,707.12,12.31,20.27,87.69,79.73,Both planned and actual cost available,Actual cost exceeded planned cost
Project_154,Customer_20,Employee_03,Department_04,1416.67,705.91,738.26,32.36,710.76,678.4,49.83,52.11,50.17,47.89,Both planned and actual cost available,Actual cost exceeded planned cost
Project_155,Customer_20,Employee_03,Department_04,1416.67,705.91,738.26,32.36,710.76,678.4,49.83,52.11,50.17,47.89,Both planned and actual cost available,Actual cost exceeded planned cost
Project_156,Customer_50,Employee_05,Department_03,1525.0,0.0,847.07,,,677.93,,55.55,,44.45,Actual cost only,No planned cost
Project_157,Customer_46,Employee_03,Department_04,1555.56,0.0,884.83,,,670.73,,56.88,,43.12,Actual cost only,No planned cost
Project_158,Customer_54,Employee_07,Department_03,925.69,0.0,258.19,,,667.5,,27.89,,72.11,Actual cost only,No planned cost
Project_159,Customer_70,Employee_04,Department_03,1503.19,861.67,837.08,-24.59,641.52,666.11,57.32,55.69,42.68,44.31,Both planned and actual cost available,Actual cost below planned cost
Project_160,Customer_01,Employee_03,Department_04,1416.67,0.0,773.19,,,643.48,,54.58,,45.42,Actual cost only,No planned cost
Project_161,Customer_01,Employee_08,Department_04,1416.67,0.0,775.75,,,640.92,,54.76,,45.24,Actual cost only,No planned cost
Project_162,Customer_01,Employee_08,Department_04,1416.67,0.0,778.58,,,638.09,,54.96,,45.04,Actual cost only,No planned cost
Project_163,Customer_21,Employee_07,Department_02,924.07,428.63,301.49,-127.14,495.44,622.58,46.38,32.63,53.62,67.37,Both planned and actual cost available,Actual cost below planned cost
Project_164,Customer_01,Employee_03,Department_04,1416.67,0.0,800.98,,,615.69,,56.54,,43.46,Actual cost only,No planned cost
Project_165,Customer_07,Employee_08,Department_04,736.11,0.0,130.72,,,605.39,,17.76,,82.24,Actual cost only,No planned cost
Project_166,Customer_50,Employee_04,Department_03,972.22,504.4,383.0,-121.4,467.82,589.22,51.88,39.39,48.12,60.61,Both planned and actual cost available,Actual cost below planned cost
Project_167,Customer_50,Employee_04,Department_03,1428.06,872.22,844.69,-27.53,555.83,583.36,61.08,59.15,38.92,40.85,Both planned and actual cost available,Actual cost below planned cost
Project_168,Customer_79,Employee_07,Department_03,1569.44,0.0,997.41,,,572.03,,63.55,,36.45,Actual cost only,No planned cost
Project_169,Customer_01,Employee_08,Department_04,1527.78,0.0,958.74,,,569.04,,62.75,,37.25,Actual cost only,No planned cost
Project_170,Customer_70,Employee_04,Department_03,981.58,421.67,422.21,0.54,559.92,559.37,42.96,43.01,57.04,56.99,Both planned and actual cost available,Actual cost exceeded planned cost
Project_171,Customer_01,Employee_03,Department_04,1194.44,719.3,642.67,-76.63,475.15,551.78,60.22,53.8,39.78,46.2,Both planned and actual cost available,Actual cost below planned cost
Project_172,Customer_01,Employee_03,Department_04,1194.44,719.3,642.67,-76.63,475.15,551.78,60.22,53.8,39.78,46.2,Both planned and actual cost available,Actual cost below planned cost
Project_173,Customer_46,Employee_03,Department_04,1444.44,0.0,900.59,,,543.86,,62.35,,37.65,Actual cost only,No planned cost
Project_174,Customer_71,Employee_09,Department_02,1388.89,0.0,850.0,,,538.89,,61.2,,38.8,Actual cost only,No planned cost
Project_175,Customer_71,Employee_09,Department_02,1388.89,0.0,850.0,,,538.89,,61.2,,38.8,Actual cost only,No planned cost
Project_176,Customer_29,Employee_07,Department_02,1527.78,1013.0,1002.32,-10.68,514.78,525.45,66.31,65.61,33.69,34.39,Both planned and actual cost available,Actual cost below planned cost
Project_177,Customer_36,Employee_03,Department_04,1416.67,944.44,913.95,-30.49,472.22,502.72,66.67,64.51,33.33,35.49,Both planned and actual cost available,Actual cost below planned cost
Project_178,Customer_03,Employee_03,Department_04,871.06,444.44,371.15,-73.29,426.62,499.91,51.02,42.61,48.98,57.39,Both planned and actual cost available,Actual cost below planned cost
Project_179,Customer_01,Employee_03,Department_04,1194.44,0.0,701.15,,,493.29,,58.7,,41.3,Actual cost only,No planned cost
Project_180,Customer_01,Employee_03,Department_04,1194.44,0.0,701.21,,,493.24,,58.71,,41.29,Actual cost only,No planned cost
Project_181,Customer_01,Employee_08,Department_04,1250.0,0.0,776.24,,,473.76,,62.1,,37.9,Actual cost only,No planned cost
Project_182,Customer_01,Employee_08,Department_04,1250.0,0.0,787.88,,,462.12,,63.03,,36.97,Actual cost only,No planned cost
Project_183,Customer_74,Employee_04,Department_03,1083.6,615.03,630.36,15.33,468.57,453.24,56.76,58.17,43.24,41.83,Both planned and actual cost available,Actual cost exceeded planned cost
Project_184,Customer_01,Employee_08,Department_04,1250.0,0.0,800.77,,,449.23,,64.06,,35.94,Actual cost only,No planned cost
Project_185,Customer_85,Employee_04,Department_03,802.22,433.33,376.94,-56.39,368.89,425.28,54.02,46.99,45.98,53.01,Both planned and actual cost available,Actual cost below planned cost
Project_186,Customer_64,Employee_03,Department_04,1333.33,944.44,925.32,-19.13,388.89,408.02,70.83,69.4,29.17,30.6,Both planned and actual cost available,Actual cost below planned cost
Project_187,Customer_54,Employee_09,Department_02,1972.22,1470.32,1590.06,119.74,501.9,382.16,74.55,80.62,25.45,19.38,Both planned and actual cost available,Actual cost exceeded planned cost
Project_188,Customer_37,Employee_07,Department_02,733.33,376.16,358.06,-18.11,357.17,375.28,51.3,48.83,48.7,51.17,Both planned and actual cost available,Actual cost below planned cost
Project_189,Customer_62,Employee_07,Department_03,652.78,0.0,288.57,,,364.21,,44.21,,55.79,Actual cost only,No planned cost
Project_190,Customer_03,Employee_08,Department_04,527.78,0.0,177.78,,,350.0,,33.68,,66.32,Actual cost only,No planned cost
Project_191,Customer_85,Employee_04,Department_03,1037.5,702.28,700.32,-1.96,335.22,337.18,67.69,67.5,32.31,32.5,Both planned and actual cost available,Actual cost below planned cost
Project_192,Customer_35,Employee_06,Department_02,645.83,312.36,313.72,1.36,333.48,332.12,48.36,48.58,51.64,51.42,Both planned and actual cost available,Actual cost exceeded planned cost
Project_193,Customer_35,Employee_06,Department_02,612.5,0.0,283.76,,,328.74,,46.33,,53.67,Actual cost only,No planned cost
Project_194,Customer_40,Employee_09,Department_02,916.67,0.0,589.53,,,327.14,,64.31,,35.69,Actual cost only,No planned cost
Project_195,Customer_50,Employee_04,Department_03,833.33,567.13,528.78,-38.35,266.2,304.55,68.06,63.45,31.94,36.55,Both planned and actual cost available,Actual cost below planned cost
Project_196,Customer_50,Employee_05,Department_03,430.56,0.0,136.75,,,293.81,,31.76,,68.24,Actual cost only,No planned cost
Project_197,Customer_23,Employee_08,Department_04,277.78,0.0,1.11,,,276.67,,0.4,,99.6,Actual cost only,No planned cost
Project_198,Customer_24,Employee_03,Department_04,268.89,73.06,6.39,-66.67,195.83,262.5,27.17,2.38,72.83,97.62,Both planned and actual cost available,Actual cost below planned cost
Project_199,Customer_51,Employee_04,Department_03,467.5,233.33,206.83,-26.5,234.17,260.67,49.91,44.24,50.09,55.76,Both planned and actual cost available,Actual cost below planned cost
Project_200,Customer_47,Employee_09,Department_02,666.67,439.92,408.97,-30.95,226.75,257.7,65.99,61.35,34.01,38.65,Both planned and actual cost available,Actual cost below planned cost
Project_201,Customer_21,Employee_06,Department_02,318.71,0.0,69.81,,,248.91,,21.9,,78.1,Actual cost only,No planned cost
Project_202,Customer_52,Employee_06,Department_02,433.33,188.89,190.66,1.77,244.44,242.68,43.59,44.0,56.41,56.0,Both planned and actual cost available,Actual cost exceeded planned cost
Project_203,Customer_73,Employee_07,Department_02,583.33,338.15,340.72,2.58,245.18,242.61,57.97,58.41,42.03,41.59,Both planned and actual cost available,Actual cost exceeded planned cost
Project_204,Customer_82,Employee_06,Department_02,611.11,389.12,369.68,-19.44,221.99,241.43,63.67,60.49,36.33,39.51,Both planned and actual cost available,Actual cost below planned cost
Project_205,Customer_83,Employee_07,Department_03,463.89,0.0,237.48,,,226.41,,51.19,,48.81,Actual cost only,No planned cost
Project_206,Customer_83,Employee_07,Department_03,405.0,0.0,188.25,,,216.75,,46.48,,53.52,Actual cost only,No planned cost
Project_207,Customer_45,Employee_04,Department_03,285.61,0.0,69.35,,,216.26,,24.28,,75.72,Actual cost only,No planned cost
Project_208,Customer_70,Employee_04,Department_03,502.2,308.61,290.22,-18.39,193.59,211.98,61.45,57.79,38.55,42.21,Both planned and actual cost available,Actual cost below planned cost
Project_209,Customer_07,Employee_08,Department_04,388.89,0.0,178.81,,,210.08,,45.98,,54.02,Actual cost only,No planned cost
Project_210,Customer_27,Employee_06,Department_03,497.22,0.0,302.81,,,194.42,,60.9,,39.1,Actual cost only,No planned cost
Project_211,Customer_85,Employee_05,Department_03,283.33,0.0,91.14,,,192.2,,32.17,,67.83,Actual cost only,No planned cost
Project_212,Customer_51,Employee_04,Department_03,291.67,0.0,112.62,,,179.05,,38.61,,61.39,Actual cost only,No planned cost
Project_213,Customer_50,Employee_04,Department_03,393.14,215.75,228.42,12.67,177.39,164.72,54.88,58.1,45.12,41.9,Both planned and actual cost available,Actual cost exceeded planned cost
Project_214,Customer_51,Employee_05,Department_03,312.53,0.0,148.04,,,164.49,,47.37,,52.63,Actual cost only,No planned cost
Project_215,Customer_81,Employee_05,Department_03,189.44,0.0,28.14,,,161.31,,14.85,,85.15,Actual cost only,No planned cost
Project_216,Customer_85,Employee_04,Department_03,235.56,79.32,81.3,1.98,156.23,154.25,33.67,34.52,66.33,65.48,Both planned and actual cost available,Actual cost exceeded planned cost
Project_217,Customer_35,Employee_06,Department_02,358.89,0.0,214.05,,,144.84,,59.64,,40.36,Actual cost only,No planned cost
Project_218,Customer_79,Employee_09,Department_02,286.11,163.89,143.05,-20.84,122.22,143.06,57.28,50.0,42.72,50.0,Both planned and actual cost available,Actual cost below planned cost
Project_219,Customer_07,Employee_03,Department_04,250.0,125.0,108.33,-16.67,125.0,141.67,50.0,43.33,50.0,56.67,Both planned and actual cost available,Actual cost below planned cost
Project_220,Customer_04,Employee_03,Department_04,133.33,90.04,2.13,-87.91,43.3,131.2,67.53,1.6,32.47,98.4,Both planned and actual cost available,Actual cost below planned cost
Project_221,Customer_21,Employee_06,Department_02,181.51,58.69,58.69,0.0,122.81,122.81,32.34,32.34,67.66,67.66,Both planned and actual cost available,Actual cost equals planned cost
Project_222,Customer_10,Employee_07,Department_02,256.94,134.37,134.85,0.48,122.58,122.1,52.29,52.48,47.71,47.52,Both planned and actual cost available,Actual cost exceeded planned cost
Project_223,Customer_50,Employee_04,Department_03,541.67,380.84,419.66,38.82,160.83,122.01,70.31,77.48,29.69,22.52,Both planned and actual cost available,Actual cost exceeded planned cost
Project_224,Customer_31,Employee_07,Department_02,291.67,170.28,172.53,2.24,121.38,119.14,58.38,59.15,41.62,40.85,Both planned and actual cost available,Actual cost exceeded planned cost
Project_225,Customer_35,Employee_06,Department_02,154.17,36.11,36.0,-0.11,118.06,118.17,23.42,23.35,76.58,76.65,Both planned and actual cost available,Actual cost below planned cost
Project_226,Customer_51,Employee_04,Department_03,213.89,0.0,95.85,,,118.03,,44.82,,55.18,Actual cost only,No planned cost
Project_227,Customer_50,Employee_05,Department_03,438.89,0.0,325.0,,,113.89,,74.05,,25.95,Actual cost only,No planned cost
Project_228,Customer_81,Employee_04,Department_03,151.11,0.0,37.3,,,113.81,,24.68,,75.32,Actual cost only,No planned cost
Project_229,Customer_46,Employee_03,Department_04,194.44,102.78,81.95,-20.82,91.67,112.49,52.86,42.15,47.14,57.85,Both planned and actual cost available,Actual cost below planned cost
Project_230,Customer_54,Employee_01,Department_04,178.75,62.5,69.81,7.31,116.25,108.94,34.97,39.05,65.03,60.95,Both planned and actual cost available,Actual cost exceeded planned cost
Project_231,Customer_50,Employee_04,Department_03,213.89,130.72,109.36,-21.36,83.17,104.53,61.12,51.13,38.88,48.87,Both planned and actual cost available,Actual cost below planned cost
Project_232,Customer_04,Employee_03,Department_04,258.33,0.0,156.4,,,101.93,,60.54,,39.46,Actual cost only,No planned cost
Project_233,Customer_71,Employee_07,Department_03,458.33,0.0,357.59,,,100.74,,78.02,,21.98,Actual cost only,No planned cost
Project_234,Customer_51,Employee_05,Department_03,151.89,0.0,53.75,,,98.13,,35.39,,64.61,Actual cost only,No planned cost
Project_235,Customer_50,Employee_05,Department_03,152.78,0.0,62.47,,,90.31,,40.89,,59.11,Actual cost only,No planned cost
Project_236,Customer_01,Employee_08,Department_04,113.89,0.0,30.56,,,83.33,,26.83,,73.17,Actual cost only,No planned cost
Project_237,Customer_70,Employee_05,Department_03,102.71,0.0,22.72,,,79.99,,22.12,,77.88,Actual cost only,No planned cost
Project_238,Customer_46,Employee_03,Department_04,91.67,28.33,12.78,-15.56,63.33,78.89,30.91,13.94,69.09,86.06,Both planned and actual cost available,Actual cost below planned cost
Project_239,Customer_05,Employee_01,Department_04,158.33,83.33,83.33,0.0,75.0,75.0,52.63,52.63,47.37,47.37,Both planned and actual cost available,Actual cost equals planned cost
Project_240,Customer_23,Employee_03,Department_04,93.89,50.0,21.81,-28.19,43.89,72.08,53.25,23.23,46.75,76.77,Both planned and actual cost available,Actual cost below planned cost
Project_241,Customer_70,Employee_04,Department_03,144.5,73.44,72.8,-0.64,71.06,71.7,50.83,50.38,49.17,49.62,Both planned and actual cost available,Actual cost below planned cost
Project_242,Customer_01,Employee_03,Department_04,98.33,0.0,29.84,,,68.49,,30.35,,69.65,Actual cost only,No planned cost
Project_243,Customer_38,Employee_03,Department_04,80.56,13.22,13.22,0.0,67.33,67.33,16.41,16.41,83.59,83.59,Both planned and actual cost available,Actual cost equals planned cost
Project_244,Customer_33,Employee_08,Department_04,125.01,0.0,58.77,,,66.24,,47.01,,52.99,Actual cost only,No planned cost
Project_245,Customer_77,Employee_07,Department_02,106.94,42.45,42.14,-0.31,64.5,64.81,39.69,39.4,60.31,60.6,Both planned and actual cost available,Actual cost below planned cost
Project_246,Customer_50,Employee_04,Department_03,153.56,90.99,88.89,-2.11,62.56,64.67,59.26,57.89,40.74,42.11,Both planned and actual cost available,Actual cost below planned cost
Project_247,Customer_21,Employee_06,Department_03,100.41,0.0,36.53,,,63.88,,36.38,,63.62,Actual cost only,No planned cost
Project_248,Customer_21,Employee_06,Department_02,90.12,30.15,30.15,0.0,59.97,59.97,33.46,33.46,66.54,66.54,Both planned and actual cost available,Actual cost equals planned cost
Project_249,Customer_01,Employee_08,Department_04,80.56,0.0,21.42,,,59.14,,26.59,,73.41,Actual cost only,No planned cost
Project_250,Customer_35,Employee_06,Department_03,156.94,0.0,99.74,,,57.21,,63.55,,36.45,Actual cost only,No planned cost
Project_251,Customer_85,Employee_05,Department_03,113.89,0.0,57.77,,,56.12,,50.72,,49.28,Actual cost only,No planned cost
Project_252,Customer_21,Employee_06,Department_03,86.31,0.0,30.69,,,55.62,,35.56,,64.44,Actual cost only,No planned cost
Project_253,Customer_55,Employee_07,Department_03,225.83,0.0,174.17,,,51.67,,77.12,,22.88,Actual cost only,No planned cost
Project_254,Customer_07,Employee_08,Department_04,72.22,0.0,20.83,,,51.39,,28.85,,71.15,Actual cost only,No planned cost
Project_255,Customer_44,Employee_07,Department_02,64.44,0.0,13.46,,,50.98,,20.89,,79.11,Actual cost only,No planned cost
Project_256,Customer_11,Employee_06,Department_02,100.0,67.62,51.19,-16.43,32.38,48.81,67.62,51.19,32.38,48.81,Both planned and actual cost available,Actual cost below planned cost
Project_257,Customer_01,Employee_08,Department_04,118.58,0.0,70.78,,,47.8,,59.69,,40.31,Actual cost only,No planned cost
Project_258,Customer_07,Employee_03,Department_04,83.33,36.11,36.11,0.0,47.22,47.22,43.33,43.33,56.67,56.67,Both planned and actual cost available,Actual cost equals planned cost
Project_259,Customer_82,Employee_06,Department_02,143.06,97.22,95.83,-1.39,45.83,47.22,67.96,66.99,32.04,33.01,Both planned and actual cost available,Actual cost below planned cost
Project_260,Customer_07,Employee_03,Department_04,108.33,61.67,61.67,0.0,46.67,46.67,56.92,56.92,43.08,43.08,Both planned and actual cost available,Actual cost equals planned cost
Project_261,Customer_01,Employee_03,Department_04,66.39,0.0,20.0,,,46.39,,30.13,,69.87,Actual cost only,No planned cost
Project_262,Customer_70,Employee_05,Department_03,51.12,0.0,6.11,,,45.01,,11.95,,88.05,Actual cost only,No planned cost
Project_263,Customer_51,Employee_04,Department_03,130.9,95.36,87.25,-8.12,35.54,43.65,72.85,66.65,27.15,33.35,Both planned and actual cost available,Actual cost below planned cost
Project_264,Customer_01,Employee_03,Department_04,62.5,19.82,19.82,0.0,42.68,42.68,31.72,31.72,68.28,68.28,Both planned and actual cost available,Actual cost equals planned cost
Project_265,Customer_51,Employee_05,Department_03,99.67,0.0,57.15,,,42.52,,57.34,,42.66,Actual cost only,No planned cost
Project_266,Customer_21,Employee_06,Department_03,66.92,0.0,24.49,,,42.43,,36.59,,63.41,Actual cost only,No planned cost
Project_267,Customer_63,Employee_07,Department_02,100.0,57.27,57.91,0.65,42.73,42.09,57.27,57.91,42.73,42.09,Both planned and actual cost available,Actual cost exceeded planned cost
Project_268,Customer_72,Employee_09,Department_03,64.17,0.0,22.62,,,41.54,,35.26,,64.74,Actual cost only,No planned cost
Project_269,Customer_35,Employee_06,Department_03,112.93,0.0,71.52,,,41.41,,63.33,,36.67,Actual cost only,No planned cost
Project_270,Customer_21,Employee_06,Department_02,60.4,19.56,19.56,0.0,40.84,40.84,32.38,32.38,67.62,67.62,Both planned and actual cost available,Actual cost equals planned cost
Project_271,Customer_35,Employee_06,Department_03,110.6,0.0,70.36,,,40.24,,63.62,,36.38,Actual cost only,No planned cost
Project_272,Customer_07,Employee_03,Department_04,81.67,41.67,41.67,0.0,40.0,40.0,51.02,51.02,48.98,48.98,Both planned and actual cost available,Actual cost equals planned cost
Project_273,Customer_66,Employee_07,Department_02,70.83,30.66,31.14,0.48,40.18,39.69,43.28,43.96,56.72,56.04,Both planned and actual cost available,Actual cost exceeded planned cost
Project_274,Customer_25,Employee_08,Department_04,41.67,0.0,3.61,,,38.06,,8.67,,91.33,Actual cost only,No planned cost
Project_275,Customer_66,Employee_07,Department_02,69.44,30.66,31.77,1.11,38.79,37.67,44.15,45.75,55.85,54.25,Both planned and actual cost available,Actual cost exceeded planned cost
Project_276,Customer_35,Employee_06,Department_02,75.0,0.0,37.71,,,37.29,,50.28,,49.72,Actual cost only,No planned cost
Project_277,Customer_23,Employee_01,Department_04,55.56,165.23,18.69,-146.53,-109.67,36.86,297.41,33.65,-197.41,66.35,Both planned and actual cost available,Actual cost below planned cost
Project_278,Customer_21,Employee_06,Department_02,52.84,0.0,17.89,,,34.95,,33.86,,66.14,Actual cost only,No planned cost
Project_279,Customer_80,Employee_05,Department_03,58.33,0.0,24.17,,,34.17,,41.43,,58.57,Actual cost only,No planned cost
Project_280,Customer_51,Employee_04,Department_03,61.87,35.11,28.68,-6.43,26.76,33.19,56.75,46.36,43.25,53.64,Both planned and actual cost available,Actual cost below planned cost
Project_281,Customer_51,Employee_05,Department_03,60.98,0.0,28.68,,,32.3,,47.03,,52.97,Actual cost only,No planned cost
Project_282,Customer_51,Employee_05,Department_03,115.04,0.0,82.81,,,32.24,,71.98,,28.02,Actual cost only,No planned cost
Project_283,Customer_51,Employee_04,Department_03,68.27,0.0,36.32,,,31.95,,53.2,,46.8,Actual cost only,No planned cost
Project_284,Customer_51,Employee_05,Department_03,115.58,0.0,83.73,,,31.85,,72.44,,27.56,Actual cost only,No planned cost
Project_285,Customer_35,Employee_06,Department_02,95.67,63.31,64.5,1.19,32.35,31.17,66.18,67.42,33.82,32.58,Both planned and actual cost available,Actual cost exceeded planned cost
Project_286,Customer_51,Employee_05,Department_03,114.6,0.0,83.73,,,30.87,,73.06,,26.94,Actual cost only,No planned cost
Project_287,Customer_23,Employee_03,Department_04,52.78,20.83,22.19,1.36,31.94,30.58,39.47,42.05,60.53,57.95,Both planned and actual cost available,Actual cost exceeded planned cost
Project_288,Customer_07,Employee_03,Department_04,40.08,10.06,10.06,0.0,30.03,30.03,25.09,25.09,74.91,74.91,Both planned and actual cost available,Actual cost equals planned cost
Project_289,Customer_12,Employee_08,Department_04,31.11,0.0,1.11,,,30.0,,3.57,,96.43,Actual cost only,No planned cost
Project_290,Customer_01,Employee_03,Department_04,37.78,7.88,7.88,0.0,29.89,29.89,20.87,20.87,79.13,79.13,Both planned and actual cost available,Actual cost equals planned cost
Project_291,Customer_79,Employee_07,Department_03,45.83,0.0,16.18,,,29.66,,35.29,,64.71,Actual cost only,No planned cost
Project_292,Customer_01,Employee_08,Department_04,43.68,0.0,15.13,,,28.54,,34.65,,65.35,Actual cost only,No planned cost
Project_293,Customer_85,Employee_05,Department_03,35.0,0.0,6.74,,,28.26,,19.26,,80.74,Actual cost only,No planned cost
Project_294,Customer_21,Employee_06,Department_02,42.15,14.03,14.03,0.0,28.12,28.12,33.28,33.28,66.72,66.72,Both planned and actual cost available,Actual cost equals planned cost
Project_295,Customer_85,Employee_05,Department_03,33.33,0.0,5.63,,,27.71,,16.88,,83.12,Actual cost only,No planned cost
Project_296,Customer_51,Employee_04,Department_03,63.24,0.0,35.95,,,27.29,,56.85,,43.15,Actual cost only,No planned cost
Project_297,Customer_85,Employee_05,Department_03,44.44,0.0,17.22,,,27.23,,38.74,,61.26,Actual cost only,No planned cost
Project_298,Customer_21,Employee_06,Department_03,42.27,0.0,15.25,,,27.02,,36.08,,63.92,Actual cost only,No planned cost
Project_299,Customer_65,Employee_07,Department_02,58.33,0.0,31.94,,,26.39,,54.76,,45.24,Actual cost only,No planned cost
Project_300,Customer_57,Employee_05,Department_03,54.17,0.0,28.68,,,25.49,,52.95,,47.05,Actual cost only,No planned cost
Project_301,Customer_57,Employee_05,Department_03,54.17,0.0,28.68,,,25.49,,52.95,,47.05,Actual cost only,No planned cost
Project_302,Customer_23,Employee_03,Department_04,50.0,26.67,25.22,-1.44,23.33,24.78,53.33,50.44,46.67,49.56,Both planned and actual cost available,Actual cost below planned cost
Project_303,Customer_03,Employee_08,Department_04,63.71,0.0,39.12,,,24.59,,61.4,,38.6,Actual cost only,No planned cost
Project_304,Customer_70,Employee_04,Department_03,28.62,4.43,4.43,0.0,24.19,24.19,15.48,15.48,84.52,84.52,Both planned and actual cost available,Actual cost equals planned cost
Project_305,Customer_51,Employee_04,Department_03,65.23,0.0,41.4,,,23.83,,63.47,,36.53,Actual cost only,No planned cost
Project_306,Customer_07,Employee_03,Department_04,44.44,20.83,20.83,0.0,23.61,23.61,46.88,46.88,53.12,53.12,Both planned and actual cost available,Actual cost equals planned cost
Project_307,Customer_70,Employee_04,Department_03,26.33,0.0,3.06,,,23.27,,11.61,,88.39,Actual cost only,No planned cost
Project_308,Customer_70,Employee_05,Department_03,47.47,0.0,24.23,,,23.24,,51.04,,48.96,Actual cost only,No planned cost
Project_309,Customer_21,Employee_06,Department_02,33.86,0.0,11.58,,,22.27,,34.21,,65.79,Actual cost only,No planned cost
Project_310,Customer_21,Employee_06,Department_03,35.63,0.0,13.44,,,22.19,,37.73,,62.27,Actual cost only,No planned cost
Project_311,Customer_21,Employee_06,Department_02,34.05,0.0,11.88,,,22.18,,34.88,,65.12,Actual cost only,No planned cost
Project_312,Customer_02,Employee_03,Department_04,41.67,22.22,19.82,-2.4,19.45,21.85,53.32,47.57,46.68,52.43,Both planned and actual cost available,Actual cost below planned cost
Project_313,Customer_21,Employee_06,Department_02,33.18,11.58,11.58,0.0,21.6,21.6,34.91,34.91,65.09,65.09,Both planned and actual cost available,Actual cost equals planned cost
Project_314,Customer_54,Employee_07,Department_03,40.28,0.0,18.93,,,21.35,,46.99,,53.01,Actual cost only,No planned cost
Project_315,Customer_14,Employee_03,Department_04,40.28,19.44,19.08,-0.36,20.83,21.2,48.28,47.38,51.72,52.62,Both planned and actual cost available,Actual cost below planned cost
Project_316,Customer_05,Employee_08,Department_04,22.22,0.0,1.39,,,20.83,,6.25,,93.75,Actual cost only,No planned cost
Project_317,Customer_30,Employee_07,Department_02,23.61,3.34,3.34,0.0,20.27,20.27,14.15,14.15,85.85,85.85,Both planned and actual cost available,Actual cost equals planned cost
Project_318,Customer_64,Employee_08,Department_04,20.0,0.0,0.53,,,19.47,,2.64,,97.36,Actual cost only,No planned cost
Project_319,Customer_21,Employee_06,Department_02,29.0,9.78,9.78,0.0,19.22,19.22,33.72,33.72,66.28,66.28,Both planned and actual cost available,Actual cost equals planned cost
Project_320,Customer_57,Employee_04,Department_03,22.22,0.0,3.34,,,18.88,,15.04,,84.96,Actual cost only,No planned cost
Project_321,Customer_22,Employee_05,Department_03,21.34,0.0,2.81,,,18.53,,13.18,,86.82,Actual cost only,No planned cost
Project_322,Customer_51,Employee_04,Department_03,32.43,19.31,15.78,-3.53,13.13,16.65,59.52,48.65,40.48,51.35,Both planned and actual cost available,Actual cost below planned cost
Project_323,Customer_21,Employee_06,Department_02,24.19,7.92,7.92,0.0,16.27,16.27,32.73,32.73,67.27,67.27,Both planned and actual cost available,Actual cost equals planned cost
Project_324,Customer_51,Employee_05,Department_03,32.04,0.0,15.78,,,16.26,,49.24,,50.76,Actual cost only,No planned cost
Project_325,Customer_21,Employee_06,Department_02,24.17,0.0,7.92,,,16.25,,32.76,,67.24,Actual cost only,No planned cost
Project_326,Customer_21,Employee_06,Department_02,24.0,0.0,7.92,,,16.08,,32.99,,67.01,Actual cost only,No planned cost
Project_327,Customer_07,Employee_03,Department_04,18.47,2.64,2.64,0.0,15.83,15.83,14.29,14.29,85.71,85.71,Both planned and actual cost available,Actual cost equals planned cost
Project_328,Customer_51,Employee_04,Department_03,33.83,20.14,19.08,-1.06,13.69,14.75,59.52,56.4,40.48,43.6,Both planned and actual cost available,Actual cost below planned cost
Project_329,Customer_26,Employee_05,Department_03,44.78,0.0,30.04,,,14.74,,67.09,,32.91,Actual cost only,No planned cost
Project_330,Customer_51,Employee_04,Department_03,34.53,20.56,19.82,-0.73,13.98,14.71,59.52,57.4,40.48,42.6,Both planned and actual cost available,Actual cost below planned cost
Project_331,Customer_40,Employee_07,Department_02,30.28,0.0,15.78,,,14.5,,52.12,,47.88,Actual cost only,No planned cost
Project_332,Customer_51,Employee_04,Department_03,34.3,20.14,19.82,-0.32,14.16,14.48,58.71,57.79,41.29,42.21,Both planned and actual cost available,Actual cost below planned cost
Project_333,Customer_38,Employee_03,Department_04,27.5,13.33,13.33,0.0,14.17,14.17,48.48,48.48,51.52,51.52,Both planned and actual cost available,Actual cost equals planned cost
Project_334,Customer_01,Employee_03,Department_04,19.44,7.22,5.67,-1.56,12.22,13.78,37.14,29.14,62.86,70.86,Both planned and actual cost available,Actual cost below planned cost
Project_335,Customer_01,Employee_03,Department_04,21.39,7.88,7.88,0.0,13.51,13.51,36.86,36.86,63.14,63.14,Both planned and actual cost available,Actual cost equals planned cost
Project_336,Customer_01,Employee_03,Department_04,17.5,4.42,4.42,0.0,13.08,13.08,25.24,25.24,74.76,74.76,Both planned and actual cost available,Actual cost equals planned cost
Project_337,Customer_51,Employee_04,Department_03,32.53,19.17,19.66,0.49,13.36,12.87,58.93,60.45,41.07,39.55,Both planned and actual cost available,Actual cost exceeded planned cost
Project_338,Customer_85,Employee_05,Department_03,15.56,0.0,2.81,,,12.74,,18.09,,81.91,Actual cost only,No planned cost
Project_339,Customer_01,Employee_08,Department_04,20.0,0.0,7.39,,,12.61,,36.94,,63.06,Actual cost only,No planned cost
Project_340,Customer_85,Employee_05,Department_03,13.06,0.0,1.53,,,11.53,,11.7,,88.3,Actual cost only,No planned cost
Project_341,Customer_01,Employee_08,Department_04,20.28,0.0,9.08,,,11.19,,44.79,,55.21,Actual cost only,No planned cost
Project_342,Customer_34,Employee_06,Department_02,16.67,5.56,5.56,0.0,11.11,11.11,33.33,33.33,66.67,66.67,Both planned and actual cost available,Actual cost equals planned cost
Project_343,Customer_85,Employee_04,Department_03,13.06,0.0,1.94,,,11.11,,14.89,,85.11,Actual cost only,No planned cost
Project_344,Customer_01,Employee_08,Department_04,34.27,0.0,23.37,,,10.9,,68.19,,31.81,Actual cost only,No planned cost
Project_345,Customer_04,Employee_03,Department_04,31.94,21.17,21.17,0.0,10.78,10.78,66.26,66.26,33.74,33.74,Both planned and actual cost available,Actual cost equals planned cost
Project_346,Customer_60,Employee_03,Department_04,18.89,8.33,8.33,0.0,10.56,10.56,44.12,44.12,55.88,55.88,Both planned and actual cost available,Actual cost equals planned cost
Project_347,Customer_60,Employee_03,Department_04,18.89,0.0,8.33,,,10.56,,44.12,,55.88,Actual cost only,No planned cost
Project_348,Customer_67,Employee_03,Department_04,13.89,0.0,3.33,,,10.56,,24.0,,76.0,Actual cost only,No planned cost
Project_349,Customer_21,Employee_06,Department_02,15.4,4.89,4.89,0.0,10.51,10.51,31.75,31.75,68.25,68.25,Both planned and actual cost available,Actual cost equals planned cost
Project_350,Customer_35,Employee_06,Department_02,12.22,0.0,1.82,,,10.4,,14.92,,85.08,Actual cost only,No planned cost
Project_351,Customer_57,Employee_03,Department_04,27.78,16.67,18.06,1.39,11.11,9.72,60.0,65.0,40.0,35.0,Both planned and actual cost available,Actual cost exceeded planned cost
Project_352,Customer_21,Employee_06,Department_02,13.91,4.89,4.89,0.0,9.02,9.02,35.15,35.15,64.85,64.85,Both planned and actual cost available,Actual cost equals planned cost
Project_353,Customer_38,Employee_08,Department_04,17.78,0.0,8.89,,,8.89,,50.0,,50.0,Actual cost only,No planned cost
Project_354,Customer_04,Employee_03,Department_04,17.78,9.08,9.08,0.0,8.69,8.69,51.09,51.09,48.91,48.91,Both planned and actual cost available,Actual cost equals planned cost
Project_355,Customer_14,Employee_03,Department_04,15.0,6.67,6.67,0.0,8.33,8.33,44.44,44.44,55.56,55.56,Both planned and actual cost available,Actual cost equals planned cost
Project_356,Customer_16,Employee_03,Department_04,27.78,20.22,20.22,0.0,7.56,7.56,72.8,72.8,27.2,27.2,Both planned and actual cost available,Actual cost equals planned cost
Project_357,Customer_35,Employee_06,Department_02,9.44,0.0,1.96,,,7.48,,20.79,,79.21,Actual cost only,No planned cost
Project_358,Customer_64,Employee_03,Department_04,15.0,0.0,7.54,,,7.46,,50.29,,49.71,Actual cost only,No planned cost
Project_359,Customer_23,Employee_03,Department_04,9.17,1.91,1.91,0.0,7.26,7.26,20.82,20.82,79.18,79.18,Both planned and actual cost available,Actual cost equals planned cost
Project_360,Customer_85,Employee_05,Department_03,12.5,0.0,5.32,,,7.18,,42.53,,57.47,Actual cost only,No planned cost
Project_361,Customer_01,Employee_03,Department_04,9.72,2.83,2.83,0.0,6.89,6.89,29.14,29.14,70.86,70.86,Both planned and actual cost available,Actual cost equals planned cost
Project_362,Customer_01,Employee_03,Department_04,9.72,2.83,2.83,0.0,6.89,6.89,29.14,29.14,70.86,70.86,Both planned and actual cost available,Actual cost equals planned cost
Project_363,Customer_02,Employee_03,Department_04,10.0,4.17,3.79,-0.37,5.84,6.21,41.65,37.93,58.35,62.07,Both planned and actual cost available,Actual cost below planned cost
Project_364,Customer_75,Employee_09,Department_02,13.89,10.56,7.78,-2.78,3.33,6.11,76.0,56.0,24.0,44.0,Both planned and actual cost available,Actual cost below planned cost
Project_365,Customer_85,Employee_05,Department_03,8.06,0.0,1.99,,,6.07,,24.69,,75.31,Actual cost only,No planned cost
Project_366,Customer_70,Employee_05,Department_03,7.63,0.0,1.59,,,6.04,,20.83,,79.17,Actual cost only,No planned cost
Project_367,Customer_49,Employee_03,Department_04,28.33,22.36,22.36,0.0,5.97,5.97,78.92,78.92,21.08,21.08,Both planned and actual cost available,Actual cost equals planned cost
Project_368,Customer_01,Employee_03,Department_04,9.44,4.28,3.89,-0.39,5.17,5.56,45.29,41.18,54.71,58.82,Both planned and actual cost available,Actual cost below planned cost
Project_369,Customer_01,Employee_03,Department_04,9.44,4.28,3.89,-0.39,5.17,5.56,45.29,41.18,54.71,58.82,Both planned and actual cost available,Actual cost below planned cost
Project_370,Customer_74,Employee_04,Department_03,7.78,2.36,2.36,0.0,5.42,5.42,30.36,30.36,69.64,69.64,Both planned and actual cost available,Actual cost equals planned cost
Project_371,Customer_17,Employee_01,Department_04,9.72,4.44,4.44,0.0,5.28,5.28,45.71,45.71,54.29,54.29,Both planned and actual cost available,Actual cost equals planned cost
Project_372,Customer_01,Employee_08,Department_04,8.47,0.0,3.64,,,4.83,,42.95,,57.05,Actual cost only,No planned cost
Project_373,Customer_02,Employee_03,Department_04,8.06,4.17,3.43,-0.74,3.89,4.63,51.7,42.53,48.3,57.47,Both planned and actual cost available,Actual cost below planned cost
Project_374,Customer_21,Employee_06,Department_02,6.98,0.0,2.44,,,4.53,,35.05,,64.95,Actual cost only,No planned cost
Project_375,Customer_58,Employee_08,Department_04,16.67,0.0,12.5,,,4.17,,75.0,,25.0,Actual cost only,No planned cost
Project_376,Customer_01,Employee_03,Department_04,7.22,0.0,3.11,,,4.11,,43.08,,56.92,Actual cost only,No planned cost
Project_377,Customer_01,Employee_08,Department_04,6.67,0.0,3.0,,,3.67,,45.0,,55.0,Actual cost only,No planned cost
Project_378,Customer_01,Employee_03,Department_04,4.08,0.0,0.5,,,3.58,,12.24,,87.76,Actual cost only,No planned cost
Project_379,Customer_01,Employee_03,Department_04,4.08,0.0,0.5,,,3.58,,12.24,,87.76,Actual cost only,No planned cost
Project_380,Customer_67,Employee_01,Department_04,5.28,16.53,2.64,-13.89,-11.25,2.64,313.16,50.0,-213.16,50.0,Both planned and actual cost available,Actual cost below planned cost
Project_381,Customer_07,Employee_03,Department_04,4.44,2.08,2.08,0.0,2.36,2.36,46.88,46.88,53.12,53.12,Both planned and actual cost available,Actual cost equals planned cost
Project_382,Customer_02,Employee_03,Department_04,3.04,1.11,1.05,-0.06,1.93,1.99,36.58,34.57,63.42,65.43,Both planned and actual cost available,Actual cost below planned cost
Project_383,Customer_04,Employee_03,Department_04,4.17,0.0,2.22,,,1.94,,53.33,,46.67,Actual cost only,No planned cost
Project_384,Customer_02,Employee_03,Department_04,2.79,1.11,0.93,-0.18,1.68,1.86,39.76,33.3,60.24,66.7,Both planned and actual cost available,Actual cost below planned cost
Project_385,Customer_01,Employee_08,Department_04,3.33,0.0,1.5,,,1.83,,45.0,,55.0,Actual cost only,No planned cost
Project_386,Customer_01,Employee_03,Department_04,2.47,0.0,0.86,,,1.62,,34.61,,65.39,Actual cost only,No planned cost
Project_387,Customer_88,Employee_07,Department_02,752.53,0.0,800.0,,,-47.47,,106.31,,-6.31,Actual cost only,No planned cost
Project_388,Customer_13,Employee_08,Department_04,2222.22,0.0,2306.6,,,-84.38,,103.8,,-3.8,Actual cost only,No planned cost
Project_389,Customer_07,Employee_08,Department_04,27.78,0.0,0.0,,,,,,,,No cost data,No cost data
Project_390,Customer_64,Employee_08,Department_04,13.89,0.0,0.0,,,,,,,,No cost data,No cost data
Project_391,Customer_85,Employee_05,Department_03,27.78,0.0,0.0,,,,,,,,No cost data,No cost data
Project_392,Customer_48,Employee_07,Department_03,30.56,0.0,0.0,,,,,,,,No cost data,No cost data
Project_393,Customer_46,Employee_08,Department_04,13.89,0.0,0.0,,,,,,,,No cost data,No cost data
Project_394,Customer_01,Employee_03,Department_04,27.78,0.0,0.0,,,,,,,,No cost data,No cost data
Project_395,Customer_49,Employee_08,Department_04,13.89,0.0,0.0,,,,,,,,No cost data,No cost data
Project_396,Customer_48,Employee_07,Department_03,30.56,0.0,0.0,,,,,,,,No cost data,No cost data
Project_397,Customer_64,Employee_08,Department_04,27.78,0.0,0.0,,,,,,,,No cost data,No cost data
Project_398,Customer_85,Employee_05,Department_03,55.56,0.0,0.0,,,,,,,,No cost data,No cost data
Project_399,Customer_23,Employee_08,Department_04,83.33,0.0,0.0,,,,,,,,No cost data,No cost data
Project_400,Customer_49,Employee_03,Department_04,13.89,0.0,0.0,,,,,,,,No cost data,No cost data
Project_401,Customer_46,Employee_08,Department_04,13.89,0.0,0.0,,,,,,,,No cost data,No cost data
Project_402,Customer_01,Employee_03,Department_04,27.78,0.0,0.0,,,,,,,,No cost data,No cost data
Project_403,Customer_05,Employee_03,Department_04,19.44,0.0,0.0,,,,,,,,No cost data,No cost data
Project_404,Customer_13,Employee_08,Department_04,13.89,0.0,0.0,,,,,,,,No cost data,No cost data
Project_405,Customer_43,Employee_07,Department_03,22.22,0.0,0.0,,,,,,,,No cost data,No cost data
Project_406,Customer_64,Employee_08,Department_04,13.89,0.0,0.0,,,,,,,,No cost data,No cost data
Project_407,Customer_01,Employee_03,Department_04,27.78,0.0,0.0,,,,,,,,No cost data,No cost data
Project_408,Customer_01,Employee_08,Department_04,55.56,0.0,0.0,,,,,,,,No cost data,No cost data
Project_409,Customer_64,Employee_08,Department_04,13.89,0.0,0.0,,,,,,,,No cost data,No cost data
Project_410,Customer_84,Employee_08,Department_04,13.89,0.0,0.0,,,,,,,,No cost data,No cost data
Project_411,Customer_01,Employee_03,Department_04,27.78,0.0,0.0,,,,,,,,No cost data,No cost data
Project_412,Customer_07,Employee_08,Department_04,13.89,0.0,0.0,,,,,,,,No cost data,No cost data
Project_413,Customer_23,Employee_08,Department_04,172.22,0.0,0.0,,,,,,,,No cost data,No cost data
Project_414,Customer_07,Employee_08,Department_04,27.78,0.0,0.0,,,,,,,,No cost data,No cost data
Project_415,Customer_86,Employee_07,Department_03,22.22,0.0,0.0,,,,,,,,No cost data,No cost data
Project_416,Customer_86,Employee_07,Department_03,16.67,0.0,0.0,,,,,,,,No cost data,No cost data
Project_417,Customer_64,Employee_08,Department_04,27.78,0.0,0.0,,,,,,,,No cost data,No cost data
Project_418,Customer_60,Employee_08,Department_04,13.89,0.0,0.0,,,,,,,,No cost data,No cost data
Project_419,Customer_38,Employee_08,Department_04,13.89,0.0,0.0,,,,,,,,No cost data,No cost data
Project_420,Customer_01,Employee_03,Department_04,27.78,0.0,0.0,,,,,,,,No cost data,No cost data
Project_421,Customer_49,Employee_03,Department_04,13.89,0.0,0.0,,,,,,,,No cost data,No cost data
Project_422,Customer_07,Employee_08,Department_04,27.78,0.0,0.0,,,,,,,,No cost data,No cost data
Project_423,Customer_46,Employee_08,Department_04,13.89,0.0,0.0,,,,,,,,No cost data,No cost data
Project_424,Customer_01,Employee_03,Department_04,27.78,0.0,0.0,,,,,,,,No cost data,No cost data
Project_425,Customer_64,Employee_08,Department_04,13.89,0.0,0.0,,,,,,,,No cost data,No cost data
Project_426,Customer_01,Employee_03,Department_04,27.78,0.0,0.0,,,,,,,,No cost data,No cost data
Project_427,Customer_12,Employee_08,Department_04,19.44,0.0,0.0,,,,,,,,No cost data,No cost data
Project_428,Customer_04,Employee_03,Department_04,13.89,0.0,0.0,,,,,,,,No cost data,No cost data
Project_429,Customer_46,Employee_08,Department_04,13.89,0.0,0.0,,,,,,,,No cost data,No cost data
Project_430,Customer_80,Employee_07,Department_03,19.44,0.0,0.0,,,,,,,,No cost data,No cost data
Project_431,Customer_48,Employee_07,Department_03,30.56,0.0,0.0,,,,,,,,No cost data,No cost data
Project_432,Customer_01,Employee_03,Department_04,27.78,0.0,0.0,,,,,,,,No cost data,No cost data
Project_433,Customer_54,Employee_07,Department_03,38.89,0.0,0.0,,,,,,,,No cost data,No cost data
Project_434,Customer_07,Employee_08,Department_04,13.89,0.0,0.0,,,,,,,,No cost data,No cost data
Project_435,Customer_64,Employee_08,Department_04,13.89,0.0,0.0,,,,,,,,No cost data,No cost data
Project_436,Customer_35,Employee_06,Department_03,41.67,0.0,0.0,,,,,,,,No cost data,No cost data
Project_437,Customer_01,Employee_03,Department_04,27.78,0.0,0.0,,,,,,,,No cost data,No cost data
Project_438,Customer_23,Employee_08,Department_04,38.89,0.0,0.0,,,,,,,,No cost data,No cost data
Project_439,Customer_07,Employee_08,Department_04,13.89,0.0,0.0,,,,,,,,No cost data,No cost data
Project_440,Customer_38,Employee_08,Department_04,19.44,0.0,0.0,,,,,,,,No cost data,No cost data
Project_441,Customer_13,Employee_08,Department_04,13.89,0.0,0.0,,,,,,,,No cost data,No cost data
Project_442,Customer_01,Employee_03,Department_04,27.78,0.0,0.0,,,,,,,,No cost data,No cost data
Project_443,Customer_32,Employee_07,Department_02,241.67,0.0,0.0,,,,,,,,No cost data,No cost data
Project_444,Customer_13,Employee_08,Department_04,1388.89,0.0,0.0,,,,,,,,No cost data,No cost data
Project_445,Customer_46,Employee_08,Department_04,13.89,0.0,0.0,,,,,,,,No cost data,No cost data
Project_446,Customer_04,Employee_08,Department_04,13.89,0.0,0.0,,,,,,,,No cost data,No cost data
Project_447,Customer_42,Employee_05,Department_03,288.61,0.0,0.0,,,,,,,,No cost data,No cost data
Project_448,Customer_01,Employee_03,Department_04,27.78,0.0,0.0,,,,,,,,No cost data,No cost data
Project_449,Customer_35,Employee_06,Department_03,288.61,0.0,0.0,,,,,,,,No cost data,No cost data
Project_450,Customer_50,Employee_05,Department_03,70.83,0.0,0.0,,,,,,,,No cost data,No cost data
Project_451,Customer_12,Employee_03,Department_04,19.44,0.0,0.0,,,,,,,,No cost data,No cost data
Project_452,Customer_50,Employee_05,Department_03,41.67,0.0,0.0,,,,,,,,No cost data,No cost data
Project_453,Customer_01,Employee_03,Department_04,27.78,0.0,0.0,,,,,,,,No cost data,No cost data
Project_454,Customer_02,Employee_03,Department_04,291.71,0.0,0.0,,,,,,,,No cost data,No cost data
Project_455,Customer_51,Employee_05,Department_03,1331.22,0.0,0.0,,,,,,,,No cost data,No cost data
Project_456,Customer_64,Employee_03,Department_04,1111.11,0.0,0.0,,,,,,,,No cost data,No cost data
Project_457,Customer_60,Employee_03,Department_04,555.56,0.0,0.0,,,,,,,,No cost data,No cost data
Project_458,Customer_64,Employee_03,Department_04,69.44,0.0,0.0,,,,,,,,No cost data,No cost data
Project_459,Customer_60,Employee_03,Department_04,13.89,0.0,0.0,,,,,,,,No cost data,No cost data
Project_460,Customer_48,Employee_07,Department_02,30.56,0.0,0.0,,,,,,,,No cost data,No cost data
Project_461,Customer_79,Employee_07,Department_02,83.33,0.0,0.0,,,,,,,,No cost data,No cost data
Project_462,Customer_87,Employee_05,Department_03,13.89,0.0,0.0,,,,,,,,No cost data,No cost data
Project_463,Customer_01,Employee_03,Department_04,27.78,0.0,0.0,,,,,,,,No cost data,No cost data
Project_464,Customer_46,Employee_03,Department_04,13.89,0.0,0.0,,,,,,,,No cost data,No cost data
Project_465,Customer_04,Employee_03,Department_04,13.89,0.0,0.0,,,,,,,,No cost data,No cost data
Project_466,Customer_13,Employee_03,Department_04,15.69,0.0,0.0,,,,,,,,No cost data,No cost data
Project_467,Customer_48,Employee_07,Department_02,30.56,0.0,0.0,,,,,,,,No cost data,No cost data
Project_468,Customer_54,Employee_07,Department_02,13.89,0.0,0.0,,,,,,,,No cost data,No cost data
Project_469,Customer_01,Employee_03,Department_04,27.78,0.0,0.0,,,,,,,,No cost data,No cost data
Project_470,Customer_19,Employee_03,Department_04,126.94,0.0,0.0,,,,,,,,No cost data,No cost data
Project_471,Customer_01,Employee_03,Department_04,21.25,0.0,0.0,,,,,,,,No cost data,No cost data
Project_472,Customer_46,Employee_03,Department_04,27.78,0.0,0.0,,,,,,,,No cost data,No cost data
Project_473,Customer_01,Employee_03,Department_04,27.78,0.0,0.0,,,,,,,,No cost data,No cost data
Project_474,Customer_38,Employee_03,Department_04,19.44,0.0,0.0,,,,,,,,No cost data,No cost data
Project_475,Customer_05,Employee_03,Department_04,38.89,0.0,0.0,,,,,,,,No cost data,No cost data
Project_476,Customer_64,Employee_03,Department_04,25.0,0.0,0.0,,,,,,,,No cost data,No cost data
Project_477,Customer_48,Employee_07,Department_02,30.56,0.0,0.0,,,,,,,,No cost data,No cost data
Project_478,Customer_01,Employee_03,Department_04,27.78,0.0,0.0,,,,,,,,No cost data,No cost data
Project_479,Customer_15,Employee_03,Department_04,13.89,0.0,0.0,,,,,,,,No cost data,No cost data
Project_480,Customer_04,Employee_03,Department_04,13.89,0.0,0.0,,,,,,,,No cost data,No cost data
Project_481,Customer_04,Employee_03,Department_04,2.78,0.0,0.0,,,,,,,,No cost data,No cost data
Project_482,Customer_85,Employee_04,Department_03,44.44,0.0,0.0,,,,,,,,No cost data,No cost data
Project_483,Customer_23,Employee_03,Department_04,19.44,0.0,0.0,,,,,,,,No cost data,No cost data
Project_484,Customer_78,Employee_06,Department_02,61.11,0.0,0.0,,,,,,,,No cost data,No cost data
Project_485,Customer_01,Employee_03,Department_04,27.78,0.0,0.0,,,,,,,,No cost data,No cost data
Project_486,Customer_64,Employee_03,Department_04,13.89,0.0,0.0,,,,,,,,No cost data,No cost data
Project_487,Customer_23,Employee_03,Department_04,19.44,0.0,0.0,,,,,,,,No cost data,No cost data
Project_488,Customer_01,Employee_03,Department_04,41.67,0.0,0.0,,,,,,,,No cost data,No cost data
Project_489,Customer_01,Employee_03,Department_04,27.78,0.0,0.0,,,,,,,,No cost data,No cost data
Project_490,Customer_64,Employee_03,Department_04,27.78,0.0,0.0,,,,,,,,No cost data,No cost data
Project_491,Customer_17,Employee_01,Department_04,19.44,0.0,0.0,,,,,,,,No cost data,No cost data
Project_492,Customer_60,Employee_01,Department_04,13.89,0.0,0.0,,,,,,,,No cost data,No cost data
Project_493,Customer_01,Employee_03,Department_04,27.78,0.0,0.0,,,,,,,,No cost data,No cost data
Project_494,Customer_67,Employee_01,Department_04,13.89,0.0,0.0,,,,,,,,No cost data,No cost data
Project_495,Customer_67,Employee_01,Department_04,13.89,0.0,0.0,,,,,,,,No cost data,No cost data
Project_496,Customer_23,Employee_01,Department_04,38.89,0.0,0.0,,,,,,,,No cost data,No cost data
Project_497,Customer_64,Employee_03,Department_04,25.0,0.0,0.0,,,,,,,,No cost data,No cost data
Project_498,Customer_01,Employee_03,Department_04,51.39,0.0,0.0,,,,,,,,No cost data,No cost data
Project_499,Customer_04,Employee_03,Department_04,13.89,0.0,0.0,,,,,,,,No cost data,No cost data
Project_500,Customer_85,Employee_04,Department_03,16.67,0.0,0.0,,,,,,,,No cost data,No cost data
Project_501,Customer_76,Employee_01,Department_04,19.44,0.0,0.0,,,,,,,,No cost data,No cost data
Project_502,Customer_46,Employee_03,Department_04,13.89,0.0,0.0,,,,,,,,No cost data,No cost data
Project_503,Customer_85,Employee_04,Department_03,133.33,0.0,0.0,,,,,,,,No cost data,No cost data
Project_504,Customer_85,Employee_04,Department_03,22.22,0.0,0.0,,,,,,,,No cost data,No cost data
Project_505,Customer_07,Employee_03,Department_04,13.89,0.0,0.0,,,,,,,,No cost data,No cost data
Project_506,Customer_64,Employee_03,Department_04,25.0,0.0,0.0,,,,,,,,No cost data,No cost data
Project_507,Customer_07,Employee_03,Department_04,4.58,2.64,0.0,,1.94,,57.58,,42.42,,Planned cost only,No actual cost
Project_508,Customer_04,Employee_03,Department_04,133.33,80.56,0.0,,52.78,,60.42,,39.58,,Planned cost only,No actual cost
Project_509,Customer_03,Employee_03,Department_04,2500.0,0.0,0.0,,,,,,,,No cost data,No cost data
Project_510,Customer_23,Employee_01,Department_04,38.89,0.0,0.0,,,,,,,,No cost data,No cost data
Project_511,Customer_84,Employee_03,Department_04,13.89,0.0,0.0,,,,,,,,No cost data,No cost data
Project_512,Customer_13,Employee_03,Department_04,13.89,0.0,0.0,,,,,,,,No cost data,No cost data
Project_513,Customer_38,Employee_03,Department_04,97.22,0.0,0.0,,,,,,,,No cost data,No cost data
Project_514,Customer_01,Employee_03,Department_04,62.5,19.44,0.0,,43.06,,31.11,,68.89,,Planned cost only,No actual cost
Project_515,Customer_64,Employee_03,Department_04,13.89,0.0,0.0,,,,,,,,No cost data,No cost data
Project_516,Customer_07,Employee_03,Department_04,69.44,0.0,0.0,,,,,,,,No cost data,No cost data
Project_517,Customer_60,Employee_03,Department_04,13.89,0.0,0.0,,,,,,,,No cost data,No cost data
Project_518,Customer_52,Employee_06,Department_02,105.56,0.0,0.0,,,,,,,,No cost data,No cost data
Project_519,Customer_04,Employee_03,Department_04,13.89,0.0,0.0,,,,,,,,No cost data,No cost data
Project_520,Customer_47,Employee_09,Department_02,22.5,0.0,0.0,,,,,,,,No cost data,No cost data
Project_521,Customer_23,Employee_03,Department_04,19.44,0.0,0.0,,,,,,,,No cost data,No cost data
Project_522,Customer_50,Employee_04,Department_03,22.92,0.0,0.0,,,,,,,,No cost data,No cost data
Project_523,Customer_57,Employee_06,Department_02,777.78,0.0,0.0,,,,,,,,No cost data,No cost data
Project_524,Customer_38,Employee_03,Department_04,55.56,20.56,0.0,,35.0,,37.0,,63.0,,Planned cost only,No actual cost
Project_525,Customer_23,Employee_03,Department_04,19.44,0.0,0.0,,,,,,,,No cost data,No cost data
Project_526,Customer_48,Employee_07,Department_02,100.0,0.0,0.0,,,,,,,,No cost data,No cost data
Project_527,Customer_07,Employee_03,Department_04,97.22,0.0,0.0,,,,,,,,No cost data,No cost data
Project_528,Customer_86,Employee_07,Department_02,13.89,0.0,0.0,,,,,,,,No cost data,No cost data
Project_529,Customer_48,Employee_07,Department_02,33.33,0.0,0.0,,,,,,,,No cost data,No cost data
Project_530,Customer_49,Employee_03,Department_04,50.0,0.0,0.0,,,,,,,,No cost data,No cost data
Project_531,Customer_57,Employee_04,Department_03,68.27,12.06,0.0,,56.22,,17.66,,82.34,,Planned cost only,No actual cost
Project_532,Customer_01,Employee_03,Department_04,20.83,0.0,0.0,,,,,,,,No cost data,No cost data
Project_533,Customer_85,Employee_04,Department_03,52.78,31.11,0.0,,21.67,,58.95,,41.05,,Planned cost only,No actual cost
Project_534,Customer_07,Employee_03,Department_04,13.89,0.0,0.0,,,,,,,,No cost data,No cost data
Project_535,Customer_48,Employee_07,Department_02,33.33,0.0,0.0,,,,,,,,No cost data,No cost data
Project_536,Customer_52,Employee_06,Department_02,23.61,0.0,0.0,,,,,,,,No cost data,No cost data
Project_537,Customer_10,Employee_07,Department_02,36.11,0.0,0.0,,,,,,,,No cost data,No cost data
Project_538,Customer_56,Employee_06,Department_02,77.78,0.0,0.0,,,,,,,,No cost data,No cost data
Project_539,Customer_85,Employee_04,Department_03,22.22,0.0,0.0,,,,,,,,No cost data,No cost data
Project_540,Customer_53,Employee_07,Department_02,69.44,0.0,0.0,,,,,,,,No cost data,No cost data
Project_541,Customer_20,Employee_03,Department_04,1416.67,705.91,0.0,,710.76,,49.83,,50.17,,Planned cost only,No actual cost
Project_542,Customer_20,Employee_03,Department_04,1416.67,705.91,0.0,,710.76,,49.83,,50.17,,Planned cost only,No actual cost
Project_543,Customer_20,Employee_03,Department_04,1416.67,705.91,0.0,,710.76,,49.83,,50.17,,Planned cost only,No actual cost
Project_544,Customer_20,Employee_03,Department_04,1416.67,705.91,0.0,,710.76,,49.83,,50.17,,Planned cost only,No actual cost
Project_545,Customer_90,Employee_03,Department_04,22.22,0.0,0.0,,,,,,,,No cost data,No cost data
Project_546,Customer_05,Employee_03,Department_04,19.44,0.0,0.0,,,,,,,,No cost data,No cost data
Project_547,Customer_07,Employee_03,Department_04,13.89,0.0,0.0,,,,,,,,No cost data,No cost data
Project_548,Customer_23,Employee_03,Department_04,44.44,22.22,0.0,,22.22,,50.0,,50.0,,Planned cost only,No actual cost
Project_549,Customer_47,Employee_09,Department_02,453.33,302.75,0.0,,150.58,,66.78,,33.22,,Planned cost only,No actual cost
Project_550,Customer_67,Employee_03,Department_04,80.56,13.22,0.0,,67.33,,16.41,,83.59,,Planned cost only,No actual cost
Project_551,Customer_45,Employee_04,Department_03,71.53,0.0,0.0,,,,,,,,No cost data,No cost data
Project_552,Customer_85,Employee_04,Department_03,17.78,8.33,0.0,,9.44,,46.88,,53.12,,Planned cost only,No actual cost
Project_553,Customer_01,Employee_03,Department_04,20.83,0.0,0.0,,,,,,,,No cost data,No cost data
Project_554,Customer_67,Employee_03,Department_04,13.89,0.0,0.0,,,,,,,,No cost data,No cost data
Project_555,Customer_07,Employee_03,Department_04,13.89,0.0,0.0,,,,,,,,No cost data,No cost data
Project_556,Customer_46,Employee_03,Department_04,27.78,0.0,0.0,,,,,,,,No cost data,No cost data
Project_557,Customer_07,Employee_03,Department_04,41.67,0.0,0.0,,,,,,,,No cost data,No cost data
Project_558,Customer_23,Employee_03,Department_04,211.11,111.11,0.0,,100.0,,52.63,,47.37,,Planned cost only,No actual cost
Project_559,Customer_60,Employee_03,Department_04,13.89,0.0,0.0,,,,,,,,No cost data,No cost data
Project_560,Customer_67,Employee_03,Department_04,94.44,13.22,0.0,,81.22,,14.0,,86.0,,Planned cost only,No actual cost
Project_561,Customer_23,Employee_03,Department_04,133.33,97.78,0.0,,35.56,,73.33,,26.67,,Planned cost only,No actual cost
Project_562,Customer_01,Employee_03,Department_04,20.83,0.0,0.0,,,,,,,,No cost data,No cost data
Project_563,Customer_31,Employee_07,Department_02,29.17,0.0,0.0,,,,,,,,No cost data,No cost data
Project_564,Customer_28,Employee_03,Department_04,1652.64,0.0,0.0,,,,,,,,No cost data,No cost data
Project_565,Customer_03,Employee_03,Department_04,2222.22,0.0,0.0,,,,,,,,No cost data,No cost data
Project_566,Customer_21,Employee_07,Department_02,1600.93,0.0,0.0,,,,,,,,No cost data,No cost data
Project_567,Customer_21,Employee_02,Department_01,1454.43,695.16,0.0,,759.27,,47.8,,52.2,,Planned cost only,No actual cost
Project_568,Customer_21,Employee_06,Department_02,7.69,2.44,0.0,,5.24,,31.81,,68.19,,Planned cost only,No actual cost
Project_569,Customer_51,Employee_04,Department_03,1059.18,622.44,0.0,,436.74,,58.77,,41.23,,Planned cost only,No actual cost
